-- phpMyAdmin SQL Dump
-- version 4.1.8
-- http://www.phpmyadmin.net
--
-- Host: localhost
-- Generation Time: Nov 12, 2014 at 03:11 PM
-- Server version: 5.6.17
-- PHP Version: 5.4.23

SET SQL_MODE = "NO_AUTO_VALUE_ON_ZERO";
SET time_zone = "+00:00";


/*!40101 SET @OLD_CHARACTER_SET_CLIENT=@@CHARACTER_SET_CLIENT */;
/*!40101 SET @OLD_CHARACTER_SET_RESULTS=@@CHARACTER_SET_RESULTS */;
/*!40101 SET @OLD_COLLATION_CONNECTION=@@COLLATION_CONNECTION */;
/*!40101 SET NAMES utf8 */;

--
-- Database: `mrigatra_db`
--

-- --------------------------------------------------------

--
-- Table structure for table `cities`
--

CREATE TABLE IF NOT EXISTS `cities` (
  `cityID` mediumint(8) unsigned NOT NULL AUTO_INCREMENT,
  `cityName` varchar(50) NOT NULL,
  `stateID` smallint(5) unsigned NOT NULL DEFAULT '0',
  `countryID` varchar(3) NOT NULL DEFAULT '',
  `latitude` double NOT NULL DEFAULT '0',
  `longitude` double NOT NULL DEFAULT '0',
  PRIMARY KEY (`cityID`),
  UNIQUE KEY `unq` (`countryID`,`stateID`,`cityID`),
  KEY `cityName` (`cityName`),
  KEY `stateID` (`stateID`),
  KEY `countryID` (`countryID`),
  KEY `latitude` (`latitude`),
  KEY `longitude` (`longitude`)
) ENGINE=InnoDB  DEFAULT CHARSET=utf8 AUTO_INCREMENT=369 ;

--
-- Dumping data for table `cities`
--

INSERT INTO `cities` (`cityID`, `cityName`, `stateID`, `countryID`, `latitude`, `longitude`) VALUES
(7, 'Mountain View', 5, 'USA', 37.42, -122.06),
(8, 'Beijing', 6, 'CHN', 39.93, 116.39),
(11, 'Ackworth', 9, 'USA', 41.36, -93.43),
(13, 'Far Rockaway', 10, 'USA', 40.61, -73.79),
(14, 'Hebei', 11, 'CHN', 39.89, 115.28),
(15, 'Los Angeles', 5, 'USA', 34.04, -118.25),
(16, 'Adam Park', 2371, 'SGP', 0, 0),
(17, 'Alexandra', 2371, 'SGP', 0, 0),
(18, 'Ama Keng', 2371, 'SGP', 0, 0),
(19, 'Ang Mo Kio', 2371, 'SGP', 0, 0),
(20, 'Ang Mo Kio New Town', 2371, 'SGP', 0, 0),
(21, 'Ayer Rajah', 2371, 'SGP', 0, 0),
(22, 'Bedok', 2371, 'SGP', 0, 0),
(23, 'Bedok Village', 2371, 'SGP', 0, 0),
(24, 'Bishan New Town', 2371, 'SGP', 0, 0),
(25, 'Boon Lay', 2371, 'SGP', 0, 0),
(26, 'Bukit Batok', 2371, 'SGP', 0, 0),
(27, 'Bukit Panjang', 2371, 'SGP', 0, 0),
(28, 'Bukit Timah', 2371, 'SGP', 0, 0),
(29, 'Buona Vista', 2371, 'SGP', 0, 0),
(30, 'Changi', 2371, 'SGP', 0, 0),
(31, 'Changi Village', 2371, 'SGP', 0, 0),
(32, 'Choa Chu Kang', 2371, 'SGP', 0, 0),
(33, 'City West', 2371, 'SGP', 0, 0),
(34, 'Clementi', 2371, 'SGP', 0, 0),
(35, 'Dixil', 2371, 'SGP', 0, 0),
(36, 'Eastern Gardens', 2371, 'SGP', 0, 0),
(37, 'Ghim Moh', 2371, 'SGP', 0, 0),
(38, 'Holland', 2371, 'SGP', 0, 0),
(39, 'Holland Village', 2371, 'SGP', 0, 0),
(40, 'Hougang New Town', 2371, 'SGP', 0, 0),
(41, 'Jurong', 2371, 'SGP', 0, 0),
(42, 'Jurong East', 2371, 'SGP', 0, 0),
(43, 'Jurong Town', 2371, 'SGP', 0, 0),
(44, 'Jurong West', 2371, 'SGP', 0, 0),
(45, 'Jurong West New Town', 2371, 'SGP', 0, 0),
(46, 'Kalang', 2371, 'SGP', 0, 0),
(47, 'Kallang', 2371, 'SGP', 0, 0),
(48, 'Kampong Bugis', 2371, 'SGP', 0, 0),
(49, 'Kampong Chai Chee', 2371, 'SGP', 0, 0),
(50, 'Kampong Cutforth', 2371, 'SGP', 0, 0),
(51, 'Kampong Tanjong Penjuru', 2371, 'SGP', 0, 0),
(52, 'Kiel', 2371, 'SGP', 0, 0),
(53, 'Mandai', 2371, 'SGP', 0, 0),
(54, 'Marine Parade Estate', 2371, 'SGP', 0, 0),
(55, 'Marsiling', 2371, 'SGP', 0, 0),
(56, 'Mayflower Estate', 2371, 'SGP', 0, 0),
(57, 'Mount Rosie', 2371, 'SGP', 0, 0),
(58, 'Outram Park', 2371, 'SGP', 0, 0),
(59, 'Pasir Panjang', 2371, 'SGP', 0, 0),
(60, 'Pasir Ris', 2371, 'SGP', 0, 0),
(61, 'Pasir Ris New Town', 2371, 'SGP', 0, 0),
(62, 'Paya Lebar', 2371, 'SGP', 0, 0),
(63, 'Punggol', 2371, 'SGP', 0, 0),
(64, 'Queenstown', 2371, 'SGP', 0, 0),
(65, 'Race Course Village', 2371, 'SGP', 0, 0),
(66, 'Raffles Park', 2371, 'SGP', 0, 0),
(67, 'Seletar', 2371, 'SGP', 0, 0),
(68, 'Sembawang', 2371, 'SGP', 0, 0),
(69, 'Sembawang Estate', 2371, 'SGP', 0, 0),
(70, 'Serangoon', 2371, 'SGP', 0, 0),
(71, 'Serangoon New Town', 2371, 'SGP', 0, 0),
(72, 'Simei', 2371, 'SGP', 0, 0),
(73, 'Singapore', 2371, 'SGP', 0, 0),
(74, 'Singapore City', 2371, 'SGP', 0, 0),
(75, 'Singapore United Plantation', 2371, 'SGP', 0, 0),
(76, 'Tai Seng', 2371, 'SGP', 0, 0),
(77, 'Tampines', 2371, 'SGP', 0, 0),
(78, 'Tampines New Town', 2371, 'SGP', 0, 0),
(79, 'Tanjong Pagar', 2371, 'SGP', 0, 0),
(80, 'Telok Blangah Estate', 2371, 'SGP', 0, 0),
(81, 'Thomson', 2371, 'SGP', 0, 0),
(82, 'Tian Guan Estate', 2371, 'SGP', 0, 0),
(83, 'Tiong Bahru Estate', 2371, 'SGP', 0, 0),
(84, 'Toa Payoh', 2371, 'SGP', 0, 0),
(85, 'Toa Payoh New Town', 2371, 'SGP', 0, 0),
(86, 'Tuas', 2371, 'SGP', 0, 0),
(87, 'West Coast Village', 2371, 'SGP', 0, 0),
(88, 'Woodlands', 2371, 'SGP', 0, 0),
(89, 'Woodlands New Town', 2371, 'SGP', 0, 0),
(90, 'Yew Tee', 2371, 'SGP', 0, 0),
(91, 'Yio Chu Kang', 2371, 'SGP', 0, 0),
(92, 'Yishun', 2371, 'SGP', 0, 0),
(93, 'Yishun New Town', 2371, 'SGP', 0, 0),
(94, 'Adirampattinam', 128, 'IND', 0, 0),
(95, 'Alandur', 128, 'IND', 0, 0),
(96, 'Alangulam', 128, 'IND', 0, 0),
(97, 'Ambattur', 128, 'IND', 0, 0),
(98, 'Ambur', 128, 'IND', 0, 0),
(99, 'Anna Nagar', 128, 'IND', 0, 0),
(100, 'Annamalai', 128, 'IND', 0, 0),
(101, 'Annur', 128, 'IND', 0, 0),
(102, 'Arakkonam', 128, 'IND', 0, 0),
(103, 'Arani', 128, 'IND', 0, 0),
(104, 'Ariyalur', 128, 'IND', 0, 0),
(105, 'Arni', 128, 'IND', 0, 0),
(106, 'Arumbakkam', 128, 'IND', 0, 0),
(107, 'Arumuganeri', 128, 'IND', 0, 0),
(108, 'Aruppukkottai', 128, 'IND', 0, 0),
(109, 'Aruvankadu', 128, 'IND', 0, 0),
(110, 'Avadi', 128, 'IND', 0, 0),
(111, 'Bhavani', 128, 'IND', 0, 0),
(112, 'Bodinayakanur', 128, 'IND', 0, 0),
(113, 'Chengalpattu', 128, 'IND', 0, 0),
(114, 'Chennai', 128, 'IND', 0, 0),
(115, 'Chennimalai', 128, 'IND', 0, 0),
(116, 'Cheyyar', 128, 'IND', 0, 0),
(117, 'Chidambaram', 128, 'IND', 0, 0),
(118, 'Chinnamanur', 128, 'IND', 0, 0),
(119, 'Choolai', 128, 'IND', 0, 0),
(120, 'Chrompet', 128, 'IND', 0, 0),
(121, 'Coimbatore', 128, 'IND', 0, 0),
(122, 'Coonoor', 128, 'IND', 0, 0),
(123, 'Cuddalore', 128, 'IND', 0, 0),
(124, 'Devakottai', 128, 'IND', 0, 0),
(125, 'Dharapuram', 128, 'IND', 0, 0),
(126, 'Dharmapuri', 128, 'IND', 0, 0),
(127, 'Dindigul', 128, 'IND', 0, 0),
(128, 'Ennore', 128, 'IND', 0, 0),
(129, 'Eral', 128, 'IND', 0, 0),
(130, 'Erode', 128, 'IND', 0, 0),
(131, 'Gandhi Nagar', 128, 'IND', 0, 0),
(132, 'Gingee', 128, 'IND', 0, 0),
(133, 'Gobichettipalayam', 128, 'IND', 0, 0),
(134, 'Gopichettipalaiyam', 128, 'IND', 0, 0),
(135, 'Gudalur', 128, 'IND', 0, 0),
(136, 'Guduvancheri', 128, 'IND', 0, 0),
(137, 'Guindy', 128, 'IND', 0, 0),
(138, 'Harur', 128, 'IND', 0, 0),
(139, 'Hosur', 128, 'IND', 0, 0),
(140, 'Idappadi', 128, 'IND', 0, 0),
(141, 'Kadayanallur', 128, 'IND', 0, 0),
(142, 'Kalpakkam', 128, 'IND', 0, 0),
(143, 'Kancheepuram', 128, 'IND', 0, 0),
(144, 'Kanchipuram', 128, 'IND', 0, 0),
(145, 'Kangayam', 128, 'IND', 0, 0),
(146, 'Kanniyakumari', 128, 'IND', 0, 0),
(147, 'Kanyakumari', 128, 'IND', 0, 0),
(148, 'Karaikkudi', 128, 'IND', 0, 0),
(149, 'Karaikudi', 128, 'IND', 0, 0),
(150, 'Kariapatti', 128, 'IND', 0, 0),
(151, 'Karur', 128, 'IND', 0, 0),
(152, 'Katpadi', 128, 'IND', 0, 0),
(153, 'Kayalpatnam', 128, 'IND', 0, 0),
(154, 'Kilpauk', 128, 'IND', 0, 0),
(155, 'Kodaikanal', 128, 'IND', 0, 0),
(156, 'Kodungaiyur', 128, 'IND', 0, 0),
(157, 'Koothanallur', 128, 'IND', 0, 0),
(158, 'Korattur', 128, 'IND', 0, 0),
(159, 'Kotagiri', 128, 'IND', 0, 0),
(160, 'Kottaiyur', 128, 'IND', 0, 0),
(161, 'Kovai', 128, 'IND', 0, 0),
(162, 'Kovilpatti', 128, 'IND', 0, 0),
(163, 'Krishnagiri', 128, 'IND', 0, 0),
(164, 'Kulasekharam', 128, 'IND', 0, 0),
(165, 'Kumbakonam', 128, 'IND', 0, 0),
(166, 'Kuttalam', 128, 'IND', 0, 0),
(167, 'Kuzhithurai', 128, 'IND', 0, 0),
(168, 'Madhavaram', 128, 'IND', 0, 0),
(169, 'Madipakkam', 128, 'IND', 0, 0),
(170, 'Madras', 128, 'IND', 0, 0),
(171, 'Madurai', 128, 'IND', 0, 0),
(172, 'Madurantakam', 128, 'IND', 0, 0),
(173, 'Mahabalipuram', 128, 'IND', 0, 0),
(174, 'Mamallapuram', 128, 'IND', 0, 0),
(175, 'Manali', 128, 'IND', 0, 0),
(176, 'Manamadurai', 128, 'IND', 0, 0),
(177, 'Mannargudi', 128, 'IND', 0, 0),
(178, 'Melapalaiyam', 128, 'IND', 0, 0),
(179, 'Mettur', 128, 'IND', 0, 0),
(180, 'Nagapattinam', 128, 'IND', 0, 0),
(181, 'Nagappattinam', 128, 'IND', 0, 0),
(182, 'Nagercoil', 128, 'IND', 0, 0),
(183, 'Nagore', 128, 'IND', 0, 0),
(184, 'Namakkal', 128, 'IND', 0, 0),
(185, 'Nazareth', 128, 'IND', 0, 0),
(186, 'Neyveli', 128, 'IND', 0, 0),
(187, 'Nilakkottai', 128, 'IND', 0, 0),
(188, 'Ootacamund', 128, 'IND', 0, 0),
(189, 'Ooty', 128, 'IND', 0, 0),
(190, 'Palani', 128, 'IND', 0, 0),
(191, 'Palayankottai', 128, 'IND', 0, 0),
(192, 'Palladam', 128, 'IND', 0, 0),
(193, 'Pallavaram', 128, 'IND', 0, 0),
(194, 'Panruti', 128, 'IND', 0, 0),
(195, 'Pattukkottai', 128, 'IND', 0, 0),
(196, 'Perambalur', 128, 'IND', 0, 0),
(197, 'Pernambut', 128, 'IND', 0, 0),
(198, 'Perundurai', 128, 'IND', 0, 0),
(199, 'Perungudi', 128, 'IND', 0, 0),
(200, 'Perur', 128, 'IND', 0, 0),
(201, 'Pollachi', 128, 'IND', 0, 0),
(202, 'Polur', 128, 'IND', 0, 0),
(203, 'Ponneri', 128, 'IND', 0, 0),
(204, 'Poonamallee', 128, 'IND', 0, 0),
(205, 'Porur', 128, 'IND', 0, 0),
(206, 'Pudukkottai', 128, 'IND', 0, 0),
(207, 'Purasawalkam', 128, 'IND', 0, 0),
(208, 'Puthanatham', 128, 'IND', 0, 0),
(209, 'Radhapuram', 128, 'IND', 0, 0),
(210, 'Rajapalayam', 128, 'IND', 0, 0),
(211, 'Ramanathapuram', 128, 'IND', 0, 0),
(212, 'Rameswaram', 128, 'IND', 0, 0),
(213, 'Ramnad', 128, 'IND', 0, 0),
(214, 'Ranipet', 128, 'IND', 0, 0),
(215, 'Rasipuram', 128, 'IND', 0, 0),
(216, 'Salem', 128, 'IND', 0, 0),
(217, 'Sankarankovil', 128, 'IND', 0, 0),
(218, 'Sattur', 128, 'IND', 0, 0),
(219, 'Selam', 128, 'IND', 0, 0),
(220, 'Sholinghur', 128, 'IND', 0, 0),
(221, 'Sirkali', 128, 'IND', 0, 0),
(222, 'Sirkazhi', 128, 'IND', 0, 0),
(223, 'Siruseri', 128, 'IND', 0, 0),
(224, 'Sivaganga', 128, 'IND', 0, 0),
(225, 'Sivagiri', 128, 'IND', 0, 0),
(226, 'Sivakasi', 128, 'IND', 0, 0),
(227, 'Sriperumbudur', 128, 'IND', 0, 0),
(228, 'Srirangam', 128, 'IND', 0, 0),
(229, 'Srivilliputtur', 128, 'IND', 0, 0),
(230, 'Sulur', 128, 'IND', 0, 0),
(231, 'Suramangalam', 128, 'IND', 0, 0),
(232, 'Surandai', 128, 'IND', 0, 0),
(233, 'Swamimalai', 128, 'IND', 0, 0),
(234, 'Tambaram', 128, 'IND', 0, 0),
(235, 'Tanjore', 128, 'IND', 0, 0),
(236, 'Taramani', 128, 'IND', 0, 0),
(237, 'Teni', 128, 'IND', 0, 0),
(238, 'Tenkasi', 128, 'IND', 0, 0),
(239, 'Thanjavur', 128, 'IND', 0, 0),
(240, 'Thirumangalam', 128, 'IND', 0, 0),
(241, 'Thiruvarur', 128, 'IND', 0, 0),
(242, 'Thoothukudi', 128, 'IND', 0, 0),
(243, 'Tindivanam', 128, 'IND', 0, 0),
(244, 'Tiruchchirappalli', 128, 'IND', 0, 0),
(245, 'Tiruchendur', 128, 'IND', 0, 0),
(246, 'Tiruchi', 128, 'IND', 0, 0),
(247, 'Tiruchirappalli', 128, 'IND', 0, 0),
(248, 'Tirunelveli', 128, 'IND', 0, 0),
(249, 'Tiruppur', 128, 'IND', 0, 0),
(250, 'Tirupur', 128, 'IND', 0, 0),
(251, 'Tiruttani', 128, 'IND', 0, 0),
(252, 'Tiruvallur', 128, 'IND', 0, 0),
(253, 'Tiruvannamalai', 128, 'IND', 0, 0),
(254, 'Tiruvarur', 128, 'IND', 0, 0),
(255, 'Trichy', 128, 'IND', 0, 0),
(256, 'Tuticorin', 128, 'IND', 0, 0),
(257, 'Vandalur', 128, 'IND', 0, 0),
(258, 'Vandavasi', 128, 'IND', 0, 0),
(259, 'Vaniyambadi', 128, 'IND', 0, 0),
(260, 'Vellore', 128, 'IND', 0, 0),
(261, 'Velluru', 128, 'IND', 0, 0),
(262, 'Vettavalam', 128, 'IND', 0, 0),
(263, 'Villivakkam', 128, 'IND', 0, 0),
(264, 'Villupuram', 128, 'IND', 0, 0),
(265, 'Vriddhachalam', 128, 'IND', 0, 0),
(266, 'Walaja', 128, 'IND', 0, 0),
(267, 'Walajapet', 128, 'IND', 0, 0),
(268, 'Wellington', 128, 'IND', 0, 0),
(269, 'Yercaud', 128, 'IND', 0, 0),
(270, 'Anekal', 160, 'IND', 0, 0),
(271, 'Ankola', 160, 'IND', 0, 0),
(272, 'Badami', 160, 'IND', 0, 0),
(273, 'Bagalkot', 160, 'IND', 0, 0),
(274, 'Bangalore', 160, 'IND', 0, 0),
(275, 'Bangalore City', 160, 'IND', 0, 0),
(276, 'Belgaum', 160, 'IND', 0, 0),
(277, 'Bellare', 160, 'IND', 0, 0),
(278, 'Bellary', 160, 'IND', 0, 0),
(279, 'Bengalooru', 160, 'IND', 0, 0),
(280, 'Bengaluru', 160, 'IND', 0, 0),
(281, 'Bhadravati', 160, 'IND', 0, 0),
(282, 'Bhalki', 160, 'IND', 0, 0),
(283, 'Bhatkal', 160, 'IND', 0, 0),
(284, 'Bidar', 160, 'IND', 0, 0),
(285, 'Bijapur', 160, 'IND', 0, 0),
(286, 'Channapatna', 160, 'IND', 0, 0),
(287, 'Chikmagalur', 160, 'IND', 0, 0),
(288, 'Chikodi', 160, 'IND', 0, 0),
(289, 'Chintamani', 160, 'IND', 0, 0),
(290, 'Chitradurga', 160, 'IND', 0, 0),
(291, 'Dandeli', 160, 'IND', 0, 0),
(292, 'Darwar', 160, 'IND', 0, 0),
(293, 'Davangere', 160, 'IND', 0, 0),
(294, 'Dharwad', 160, 'IND', 0, 0),
(295, 'Dharwar', 160, 'IND', 0, 0),
(296, 'Gadag', 160, 'IND', 0, 0),
(297, 'Galatga', 160, 'IND', 0, 0),
(298, 'Gauribidanur', 160, 'IND', 0, 0),
(299, 'Gokak', 160, 'IND', 0, 0),
(300, 'Gokarn', 160, 'IND', 0, 0),
(301, 'Golhalli', 160, 'IND', 0, 0),
(302, 'Grama', 160, 'IND', 0, 0),
(303, 'Gulbarga', 160, 'IND', 0, 0),
(304, 'Halgur', 160, 'IND', 0, 0),
(305, 'Harihar', 160, 'IND', 0, 0),
(306, 'Hassan', 160, 'IND', 0, 0),
(307, 'Hiriyur', 160, 'IND', 0, 0),
(308, 'Homnabad', 160, 'IND', 0, 0),
(309, 'Honavar', 160, 'IND', 0, 0),
(310, 'Hoskote', 160, 'IND', 0, 0),
(311, 'Hospet', 160, 'IND', 0, 0),
(312, 'Hubli', 160, 'IND', 0, 0),
(313, 'Hulkoti', 160, 'IND', 0, 0),
(314, 'Hungund', 160, 'IND', 0, 0),
(315, 'Kadur', 160, 'IND', 0, 0),
(316, 'Kaiga', 160, 'IND', 0, 0),
(317, 'Kanakapura', 160, 'IND', 0, 0),
(318, 'Karkal', 160, 'IND', 0, 0),
(319, 'Karkala', 160, 'IND', 0, 0),
(320, 'Karwar', 160, 'IND', 0, 0),
(321, 'Kengeri', 160, 'IND', 0, 0),
(322, 'Kittur', 160, 'IND', 0, 0),
(323, 'Kolar', 160, 'IND', 0, 0),
(324, 'Kollegal', 160, 'IND', 0, 0),
(325, 'Koppa', 160, 'IND', 0, 0),
(326, 'Koppal', 160, 'IND', 0, 0),
(327, 'Krishnarajpur', 160, 'IND', 0, 0),
(328, 'Kumta', 160, 'IND', 0, 0),
(329, 'Kundapur', 160, 'IND', 0, 0),
(330, 'Kunigal', 160, 'IND', 0, 0),
(331, 'Maddur', 160, 'IND', 0, 0),
(332, 'Madikeri', 160, 'IND', 0, 0),
(333, 'Mahalingpur', 160, 'IND', 0, 0),
(334, 'Maisuru', 160, 'IND', 0, 0),
(335, 'Malleswaram', 160, 'IND', 0, 0),
(336, 'Malur', 160, 'IND', 0, 0),
(337, 'Mandya', 160, 'IND', 0, 0),
(338, 'Mangalore', 160, 'IND', 0, 0),
(339, 'Mangaluru', 160, 'IND', 0, 0),
(340, 'Manipal', 160, 'IND', 0, 0),
(341, 'Mudhol', 160, 'IND', 0, 0),
(342, 'Mundargi', 160, 'IND', 0, 0),
(343, 'Mysore', 160, 'IND', 0, 0),
(344, 'Nanjangud', 160, 'IND', 0, 0),
(345, 'Nelamangala', 160, 'IND', 0, 0),
(346, 'Ponnampet', 160, 'IND', 0, 0),
(347, 'Puttur', 160, 'IND', 0, 0),
(348, 'Raichur', 160, 'IND', 0, 0),
(349, 'Sagar', 160, 'IND', 0, 0),
(350, 'Sakleshpur', 160, 'IND', 0, 0),
(351, 'Sandur', 160, 'IND', 0, 0),
(352, 'Sangam', 160, 'IND', 0, 0),
(353, 'Sankeshwar', 160, 'IND', 0, 0),
(354, 'Saundatti', 160, 'IND', 0, 0),
(355, 'Savanur', 160, 'IND', 0, 0),
(356, 'Shahapur', 160, 'IND', 0, 0),
(357, 'Shimoga', 160, 'IND', 0, 0),
(358, 'Sira', 160, 'IND', 0, 0),
(359, 'Sirsi', 160, 'IND', 0, 0),
(360, 'Siruguppa', 160, 'IND', 0, 0),
(361, 'Srinivaspur', 160, 'IND', 0, 0),
(362, 'Tiptur', 160, 'IND', 0, 0),
(363, 'Tumkur', 160, 'IND', 0, 0),
(364, 'Udupi', 160, 'IND', 0, 0),
(365, 'Wadi', 160, 'IND', 0, 0),
(366, 'Yadgir', 160, 'IND', 0, 0),
(367, 'Yelahanka', 160, 'IND', 0, 0),
(368, 'Yellapur', 160, 'IND', 0, 0);

-- --------------------------------------------------------

--
-- Table structure for table `countries`
--

CREATE TABLE IF NOT EXISTS `countries` (
  `countryID` varchar(3) NOT NULL DEFAULT '',
  `countryName` varchar(52) NOT NULL DEFAULT '',
  `localName` varchar(45) NOT NULL,
  `webCode` varchar(2) NOT NULL,
  `region` varchar(26) NOT NULL,
  `continent` enum('Asia','Europe','North America','Africa','Oceania','Antarctica','South America') NOT NULL,
  `latitude` double NOT NULL DEFAULT '0',
  `longitude` double NOT NULL DEFAULT '0',
  `surfaceArea` float(10,2) NOT NULL DEFAULT '0.00',
  `population` int(11) NOT NULL DEFAULT '0',
  PRIMARY KEY (`countryID`),
  UNIQUE KEY `webCode` (`webCode`),
  UNIQUE KEY `countryName` (`countryName`),
  KEY `region` (`region`),
  KEY `continent` (`continent`),
  KEY `surfaceArea` (`surfaceArea`),
  KEY `population` (`population`)
) ENGINE=InnoDB DEFAULT CHARSET=utf8;

--
-- Dumping data for table `countries`
--

INSERT INTO `countries` (`countryID`, `countryName`, `localName`, `webCode`, `region`, `continent`, `latitude`, `longitude`, `surfaceArea`, `population`) VALUES
('BRA', 'Brazil', 'Brasil', 'BR', 'South America', 'South America', -10, -55, 8547403.00, 170115000),
('CHN', 'China', 'Zhongquo', 'CN', 'Eastern Asia', 'Asia', 35, 105, 9572900.00, 1277558000),
('FRA', 'France', 'France', 'FR', 'Western Europe', 'Europe', 47, 2, 551500.00, 59225700),
('IND', 'India', 'Bharat/India', 'IN', 'Southern and Central Asia', 'Asia', 28.47, 77.03, 3287263.00, 1013662000),
('SGP', 'Singapore', 'Singapore', 'SG', 'Southern and Central Asia', 'Asia', 0, 0, 0.00, 0),
('USA', 'USA', 'United States', 'US', 'North America', 'North America', 38, -97, 9363520.00, 278357000);

-- --------------------------------------------------------

--
-- Table structure for table `frm_country`
--

CREATE TABLE IF NOT EXISTS `frm_country` (
  `c_id` int(11) NOT NULL AUTO_INCREMENT,
  `c_code` varchar(250) NOT NULL,
  `c_name` varchar(500) NOT NULL,
  PRIMARY KEY (`c_id`)
) ENGINE=InnoDB  DEFAULT CHARSET=latin1 AUTO_INCREMENT=242 ;

--
-- Dumping data for table `frm_country`
--

INSERT INTO `frm_country` (`c_id`, `c_code`, `c_name`) VALUES
(1, 'AD^376', 'Andorra'),
(2, 'AF^93', 'Afghanistan'),
(3, 'AG^268', 'Antigua and Barbuda'),
(4, 'AI^264', 'Anguilla'),
(5, 'AL^335', 'Albania'),
(6, 'AM^374', 'Armenia'),
(7, 'AO^244', 'Angola'),
(8, 'AQ^672', 'Antarctica'),
(9, 'AR^54', 'Argentina'),
(10, 'AS^684', 'American Samoa'),
(11, 'AT^43', 'Austria'),
(12, 'AU^61', 'Australia'),
(13, 'AW^297', 'Aruba'),
(14, 'AZ^994', 'Azerbaijan'),
(15, 'BA^387', 'Bosnia and Herzegowina'),
(16, 'BB^246', 'Barbados'),
(17, 'BD^880', 'Bangladesh'),
(18, 'BE^32', 'Belgium'),
(19, 'BF^226', 'Burkina Faso'),
(20, 'BG^359', 'Bulgaria'),
(21, 'BH^973', 'Bahrain'),
(22, 'BI^257', 'Burundi'),
(23, 'BJ^229', 'Benin'),
(24, 'BM^441', 'Bermuda'),
(25, 'BN^673', 'Brunei Darussalam'),
(26, 'BO^591', 'Bolivia'),
(27, 'BR^55', 'Brazil'),
(28, 'BS^242', 'Bahamas'),
(29, 'BT^975', 'Bhutan'),
(30, 'BV^47', 'Bouvet Island'),
(31, 'BW^267', 'Botswana'),
(32, 'BY^375', 'Belarus'),
(33, 'BZ^501', 'Belize'),
(34, 'CA^1', 'Canada'),
(35, 'CC^61', 'Cocos (Keeling) Islands'),
(36, 'CF^236', 'Central African Republic'),
(37, 'CG^242', 'Congo'),
(38, 'CH^41', 'Switzerland'),
(39, 'CI^225', 'Cote D''Ivoire'),
(40, 'CK^682', 'Cook Islands'),
(41, 'CL^56', 'Chile'),
(42, 'CM^237', 'Cameroon'),
(43, 'CN^86', 'China'),
(44, 'CO^57', 'Colombia'),
(45, 'CR^506', 'Costa Rica'),
(46, 'CU^53', 'Cuba'),
(47, 'CV^238', 'Cape Verde'),
(48, 'CX^61', 'Christmas Island'),
(49, 'CY^357', 'Cyprus'),
(50, 'CZ^420', 'Czech Republic'),
(51, 'DE^49', 'Germany'),
(52, 'DJ^253', 'Djibouti'),
(53, 'DK^45', 'Denmark'),
(54, 'DM^767', 'Dominica'),
(55, 'DO^809', 'Dominican Republic'),
(56, 'DZ^213', 'Algeria'),
(57, 'EC^593', 'Ecuador'),
(58, 'EE^372', 'Estonia'),
(59, 'EG^20', 'Egypt'),
(60, 'EH^212', 'Western Sahara'),
(61, 'ER^291', 'Eritrea'),
(62, 'ES^34', 'Spain'),
(63, 'ET^251', 'Ethiopia'),
(64, 'FI^358', 'Finland'),
(65, 'FJ^679', 'Fiji'),
(66, 'FK^500', 'Falkland Islands (Malvinas)'),
(67, 'FM^691', 'Micronesia, Federated States of'),
(68, 'FO^298', 'Faroe Islands'),
(69, 'FR^33', 'France'),
(70, 'FX^590', 'France, Metropolitan'),
(71, 'GA^241', 'Gabon'),
(72, 'GD^809', 'Grenada'),
(73, 'GE^995', 'Georgia'),
(74, 'GF^594', 'French Guiana'),
(75, 'GH^233', 'Ghana'),
(76, 'GI^350', 'Gibraltar'),
(77, 'GL^299', 'Greenland'),
(78, 'GM^220', 'Gambia'),
(79, 'GN^224', 'Guinea'),
(80, 'GP^590', 'Guadeloupe'),
(81, 'GQ^240', 'Equatorial Guinea'),
(82, 'GR^30', 'Greece'),
(83, 'GS^44', 'South Georgia and the South Sandwich Islands'),
(84, 'GT^502', 'Guatemala'),
(85, 'GU^1', 'Guam'),
(86, 'GW^245', 'Guinea-bissau'),
(87, 'GY^592', 'Guyana'),
(88, 'HK^852', 'Hong Kong'),
(89, 'HM^61', 'Heard and Mc Donald Islands'),
(90, 'HN^504', 'Honduras'),
(91, 'HR^385', 'Croatia'),
(92, 'HT^509', 'Haiti'),
(93, 'HU^36', 'Hungary'),
(94, 'ID^62', 'Indonesia'),
(95, 'IE^353', 'Ireland'),
(96, 'IL^972', 'Israel'),
(97, 'IN^91', 'India'),
(98, 'IO^246', 'British Indian Ocean Territory'),
(99, 'IQ^964', 'Iraq'),
(100, 'IR^98', 'Iran (Islamic Republic of)'),
(101, 'IS^354', 'Iceland'),
(102, 'IT^39', 'Italy'),
(103, 'JM^876', 'Jamaica'),
(104, 'JO^962', 'Jordan'),
(105, 'JP^81', 'Japan'),
(106, 'KE^254', 'Kenya'),
(107, 'KG^7', 'Kyrgyzstan'),
(108, 'KH^855', 'Cambodia'),
(109, 'KI^686', 'Kiribati'),
(110, 'KM^269', 'Comoros'),
(111, 'KN^869', 'Saint Kitts and Nevis'),
(112, 'KP^850', 'Korea, Democratic People''s Republic of'),
(113, 'KR^82', 'Korea, Republic of'),
(114, 'KW^965', 'Kuwait'),
(115, 'KY^345', 'Cayman Islands'),
(116, 'KZ^7', 'Kazakhstan'),
(117, 'LA^856', 'Lao People''s Democratic Republic'),
(118, 'LB^961', 'Lebanon'),
(119, 'LC^758', 'Saint Lucia'),
(120, 'LI^423', 'Liechtenstein'),
(121, 'LK^94', 'Sri Lanka'),
(122, 'LR^231', 'Liberia'),
(123, 'LS^266', 'Lesotho'),
(124, 'LT^370', 'Lithuania'),
(125, 'LU^352', 'Luxembourg'),
(126, 'LV^371', 'Latvia'),
(127, 'LY^218', 'Libya'),
(128, 'MA^212', 'Morocco'),
(129, 'MC^377', 'Monaco'),
(130, 'MD^373', 'Moldova, Republic of'),
(131, 'ME^382', 'Montenegro'),
(132, 'MG^261', 'Madagascar'),
(133, 'MH^692', 'Marshall Islands'),
(134, 'MK^389', 'Macedonia, The Former Yugoslav Republic of'),
(135, 'ML^223', 'Mali'),
(136, 'MM^95', 'Myanmar'),
(137, 'MN^976', 'Mongolia'),
(138, 'MO^853', 'Macau'),
(139, 'MP^670', 'Northern Mariana Islands'),
(140, 'MQ^596', 'Martinique'),
(141, 'MR^222', 'Mauritania'),
(142, 'MS^664', 'Montserrat'),
(143, 'MT^356', 'Malta'),
(144, 'MU^230', 'Mauritius'),
(145, 'MV^960', 'Maldives'),
(146, 'MW^265', 'Malawi'),
(147, 'MX^52', 'Mexico'),
(148, 'MY^60', 'Malaysia'),
(149, 'MZ^258', 'Mozambique'),
(150, 'NA^264', 'Namibia'),
(151, 'AN^599', 'Netherlands Antilles'),
(152, 'NC^687', 'New Caledonia'),
(153, 'NE^227', 'Niger'),
(154, 'NF^672', 'Norfolk Island'),
(155, 'NG^234', 'Nigeria'),
(156, 'NI^505', 'Nicaragua'),
(157, 'NL^31', 'Netherlands'),
(158, 'NO^47', 'Norway'),
(159, 'NP^977', 'Nepal'),
(160, 'NR^674', 'Nauru'),
(161, 'NU^683', 'Niue'),
(162, 'NZ^64', 'New Zealand'),
(163, 'OM^968', 'Oman'),
(164, 'PA^507', 'Panama'),
(165, 'PE^51', 'Peru'),
(166, 'PF^689', 'French Polynesia'),
(167, 'PG^675', 'Papua New Guinea'),
(168, 'PH^63', 'Philippines'),
(169, 'PK^92', 'Pakistan'),
(170, 'PL^48', 'Poland'),
(171, 'PM^508', 'St. Pierre and Miquelon'),
(172, 'PN^872', 'Pitcairn'),
(173, 'PR^787', 'Puerto Rico'),
(174, 'PT^351', 'Portugal'),
(175, 'PW^680', 'Palau'),
(176, 'PY^595', 'Paraguay'),
(177, 'QA^974', 'Qatar'),
(178, 'RE^262', 'Reunion'),
(179, 'RO^40', 'Romania'),
(180, 'RS^381', 'Serbia'),
(181, 'RU^7', 'Russian Federation'),
(182, 'RW^250', 'Rwanda'),
(183, 'SA^966', 'Saudi Arabia'),
(184, 'SB^677', 'Solomon Islands'),
(185, 'SC^248', 'Seychelles'),
(186, 'SD^249', 'Sudan'),
(187, 'SE^46', 'Sweden'),
(188, 'SG^65', 'Singapore'),
(189, 'SH^290', 'St. Helena'),
(190, 'SI^386', 'Slovenia'),
(191, 'SJ^47', 'Svalbard and Jan Mayen Islands'),
(192, 'SK^421', 'Slovakia (Slovak Republic)'),
(193, 'SL^232', 'Sierra Leone'),
(194, 'SM^378', 'San Marino'),
(195, 'SN^221', 'Senegal'),
(196, 'SO^252', 'Somalia'),
(197, 'SR^597', 'Suriname'),
(198, 'ST^239', 'Sao Tome and Principe'),
(199, 'SV^503', 'El Salvador'),
(200, 'SY^963', 'Syrian Arab Republic'),
(201, 'SZ^268', 'Swaziland'),
(202, 'TC^649', 'Turks and Caicos Islands'),
(203, 'TD^235', 'Chad'),
(204, 'TF^590', 'French Southern Territories'),
(205, 'TG^228', 'Togo'),
(206, 'TH^66', 'Thailand'),
(207, 'TJ^7', 'Tajikistan'),
(208, 'TK^64', 'Tokelau'),
(209, 'TM^993', 'Turkmenistan'),
(210, 'TN^216', 'Tunisia'),
(211, 'TO^676', 'Tonga'),
(212, 'TP^670', 'East Timor'),
(213, 'TR^90', 'Turkey'),
(214, 'TT^868', 'Trinidad and Tobago'),
(215, 'TV^688', 'Tuvalu'),
(216, 'TW^886', 'Taiwan'),
(217, 'TZ^255', 'Tanzania, United Republic of'),
(218, 'UA^380', 'Ukraine'),
(219, 'UG^256', 'Uganda'),
(220, 'AE^971', 'United Arab Emirates'),
(221, 'UK^44', 'United Kingdom'),
(222, 'UM^1', 'United States Minor Outlying Islands'),
(223, 'US^1', 'United States'),
(224, 'UY^598', 'Uruguay'),
(225, 'UZ^7', 'Uzbekistan'),
(226, 'VA^39', 'Vatican City State (Holy See)'),
(227, 'VC^784', 'Saint Vincent and the Grenadines'),
(228, 'VE^58', 'Venezuela'),
(229, 'VG^1', 'Virgin Islands (British)'),
(230, 'VI^1', 'Virgin Islands (U.S.)'),
(231, 'VN^84', 'Viet Nam'),
(232, 'VU^678', 'Vanuatu'),
(233, 'WF^681', 'Wallis and Futuna Islands'),
(234, 'WS^685', 'Samoa'),
(235, 'YE^967', 'Yemen'),
(236, 'YT^269', 'Mayotte'),
(237, 'YU^381', 'Yugoslavia'),
(238, 'ZA^27', 'South Africa'),
(239, 'ZM^260', 'Zambia'),
(240, 'ZR^243', 'Zaire'),
(241, 'ZW^263', 'Zimbabwe');

-- --------------------------------------------------------

--
-- Table structure for table `levels`
--

CREATE TABLE IF NOT EXISTS `levels` (
  `level_id` int(10) NOT NULL AUTO_INCREMENT,
  `level_name` varchar(250) NOT NULL,
  PRIMARY KEY (`level_id`)
) ENGINE=MyISAM  DEFAULT CHARSET=latin1 AUTO_INCREMENT=5 ;

--
-- Dumping data for table `levels`
--

INSERT INTO `levels` (`level_id`, `level_name`) VALUES
(1, 'Master'),
(2, 'Super Admin'),
(3, 'Admin'),
(4, 'Client');

-- --------------------------------------------------------

--
-- Table structure for table `news`
--

CREATE TABLE IF NOT EXISTS `news` (
  `news_id` int(11) NOT NULL AUTO_INCREMENT,
  `news_desc` mediumtext NOT NULL,
  PRIMARY KEY (`news_id`)
) ENGINE=MyISAM  DEFAULT CHARSET=latin1 AUTO_INCREMENT=4 ;

--
-- Dumping data for table `news`
--

INSERT INTO `news` (`news_id`, `news_desc`) VALUES
(1, 'Mriga Tradings launching a new business division as Mriga''s\r\nFashions, a Online Store by Jan''2015. Mrigas Fashion is solely owned by\r\nMrs.Rathi, who have designed more than 1000 pieces of earrings, Necklace\r\nand Bangles. Mrigas fashion has strong customer support and growing\r\nsteadily.'),
(2, 'Mriga Tradings working with world''s best global logistics to enable\r\nits trading business to the greater level. Mriga Tradings is negotiating\r\nwith the global logistic leader for long term contract to reach the\r\nsuppliers across the continent.'),
(3, 'Mriga Tradings to open its new office in India by Jan''2015 to reach\r\nour valued supplier. In order to improve the vegetable''s quality and the\r\nbest logistics through air or sea to minimize the cost. Mriga will explore\r\nthe  opportunities to bring the seasonal / non-seasonal vegetables from\r\nIndian market to Singapore consumer at the affordable price.');

-- --------------------------------------------------------

--
-- Table structure for table `newsletter_subscriber`
--

CREATE TABLE IF NOT EXISTS `newsletter_subscriber` (
  `s_id` int(11) NOT NULL AUTO_INCREMENT,
  `s_email` varchar(250) NOT NULL,
  `s_status` int(10) NOT NULL,
  `s_on` datetime NOT NULL,
  `uns_on` datetime NOT NULL,
  PRIMARY KEY (`s_id`)
) ENGINE=MyISAM  DEFAULT CHARSET=latin1 AUTO_INCREMENT=3 ;

--
-- Dumping data for table `newsletter_subscriber`
--

INSERT INTO `newsletter_subscriber` (`s_id`, `s_email`, `s_status`, `s_on`, `uns_on`) VALUES
(1, 'parimayamax@gmail.com', 1, '2014-11-08 01:15:30', '0000-00-00 00:00:00'),
(2, 'd.parivallal@gmail.com', 1, '2014-11-09 11:55:18', '0000-00-00 00:00:00');

-- --------------------------------------------------------

--
-- Table structure for table `products`
--

CREATE TABLE IF NOT EXISTS `products` (
  `product_id` int(11) NOT NULL AUTO_INCREMENT,
  `product_cat_id` int(11) NOT NULL,
  `product_name` varchar(250) NOT NULL,
  `product_status` int(11) NOT NULL,
  PRIMARY KEY (`product_id`)
) ENGINE=InnoDB  DEFAULT CHARSET=latin1 AUTO_INCREMENT=18 ;

--
-- Dumping data for table `products`
--

INSERT INTO `products` (`product_id`, `product_cat_id`, `product_name`, `product_status`) VALUES
(1, 1, 'Apple', 1),
(2, 1, 'Mango', 1),
(3, 1, 'Coconuts', 1),
(4, 2, 'Tomatoes', 1),
(5, 2, 'Potatoes', 1),
(6, 2, 'Lemon', 1),
(7, 2, 'Onions', 1),
(8, 2, 'Capsicum', 1),
(9, 2, 'Garlic Cloves', 1),
(10, 2, 'Peas', 1),
(11, 2, 'Drumsticks', 1),
(12, 2, 'Beetroot', 1),
(13, 2, 'Ginger', 1),
(14, 1, 'Banana', 1),
(15, 1, 'Pineapple', 1),
(16, 2, 'Carrot', 1),
(17, 1, 'Orange', 1);

-- --------------------------------------------------------

--
-- Table structure for table `product_categories`
--

CREATE TABLE IF NOT EXISTS `product_categories` (
  `product_cat_id` int(11) NOT NULL AUTO_INCREMENT,
  `product_cat_name` varchar(250) NOT NULL,
  `product_cat_status` int(10) NOT NULL,
  PRIMARY KEY (`product_cat_id`)
) ENGINE=InnoDB  DEFAULT CHARSET=latin1 AUTO_INCREMENT=3 ;

--
-- Dumping data for table `product_categories`
--

INSERT INTO `product_categories` (`product_cat_id`, `product_cat_name`, `product_cat_status`) VALUES
(1, 'Fruits', 1),
(2, 'Vegetables', 1);

-- --------------------------------------------------------

--
-- Table structure for table `product_variety`
--

CREATE TABLE IF NOT EXISTS `product_variety` (
  `variety_id` int(11) NOT NULL AUTO_INCREMENT,
  `product_cat_id` int(11) NOT NULL,
  `product_id` int(11) NOT NULL,
  `countryID` varchar(10) NOT NULL,
  `stateID` int(11) NOT NULL,
  `cityID` int(11) NOT NULL,
  `variety_name` varchar(250) NOT NULL,
  `variety_local_name` varchar(250) NOT NULL,
  `variety_decription` mediumtext NOT NULL,
  `varieties` mediumtext NOT NULL,
  `origins` mediumtext NOT NULL,
  `variety_price` int(11) NOT NULL,
  `variety_image` longblob NOT NULL,
  `variety_status` enum('0','1') NOT NULL,
  PRIMARY KEY (`variety_id`)
) ENGINE=InnoDB  DEFAULT CHARSET=latin1 AUTO_INCREMENT=32 ;

--
-- Dumping data for table `product_variety`
--

INSERT INTO `product_variety` (`variety_id`, `product_cat_id`, `product_id`, `countryID`, `stateID`, `cityID`, `variety_name`, `variety_local_name`, `variety_decription`, `varieties`, `origins`, `variety_price`, `variety_image`, `variety_status`) VALUES
(1, 1, 2, 'IND', 128, 218, 'Mango', '', 'Coming Soon Coming Soon\r\nComing Soon Coming Soon\r\nComing Soon Coming Soon', 'Unripe / Ripe mangoes', 'India, People''s Republic of China, Thailand, Indonesia, Pakistan, Mexico, Brazil, Bangladesh, Philippines and many other countries', 0, 0x6e65772d6d2d312e706e67, '1'),
(4, 1, 3, 'IND', 128, 201, 'Coconuts', '', 'Pollachi Coco\r\nPollachi Coco\r\nPollachi Coco\r\nPollachi Coco', 'Mature Fresh coconuts. Semi / de-husked coconuts', 'Philippines, Indonesia, India, Brazil, Sri Lanka, Thailand, Mexico, Vietnam, Papua New Guinea, Malaysia and many other countries', 0, 0x6e6577636f2d342e706e67, '1'),
(6, 1, 14, 'IND', 128, 189, 'Banana', '', 'Bana', 'Cavendish bananas are the main commercial banana cultivars sold in the world market', 'India, Uganda, China, Philippines, Ecuador, Brazil, Indonesia, Colombia,  Cameroon and many other countries', 0, 0x62312d362e706e67, '1'),
(8, 1, 1, 'IND', 128, 189, 'Apple', '', 'Ooty Apple Ooty Apple Ooty Apple Ooty Apple', 'Gala, Red Delicious, Fuji, Golden delicious, Goldrenette, Pacific rose, Pink Lady and more...', 'China, U.S., Turkey, Poland, Italy, Iran, France , India and South American countries..', 0, 0x6170706c65312d382e706e67, '1'),
(10, 1, 15, 'IND', 128, 189, 'Pineapple', '', 'pineapple', 'Unripe / Ripe pineapple', 'Brazil, Philippines, Thailand, Costa Rica, Indonesia, India, China, Mexico, Vietnam, Taiwan and many other countries', 0, 0x6e65772d7061692d31302e706e67, '1'),
(12, 2, 16, 'IND', 128, 155, 'Carrot', '', 'carrot', '', 'India, Malaysia, Thailand, Indonesia and China', 0, 0x6e6577636172726f742d31322e706e67, '1'),
(13, 2, 12, 'IND', 128, 234, 'Beetroot', '', 'Beetroot', '', 'India, Malaysia, Thailand, Indonesia and China', 0, 0x62656574726f6f742d31332e706e67, '1'),
(14, 2, 8, 'IND', 128, 112, 'Capsicum', '', 'capsicum', '', 'India, Malaysia, Thailand, Indonesia and China', 0, 0x6e657763617073692d31342e706e67, '1'),
(15, 2, 8, 'IND', 128, 111, 'Capsicum', '', 'Capsicum', '', 'India, Malaysia, Thailand, Indonesia and China', 0, 0x636170636973756d312d31352e706e67, '1'),
(16, 2, 8, 'IND', 128, 111, 'Capsicum', '', 'Capsicum', '', 'India, Malaysia, Thailand, Indonesia and China', 0, 0x636170636973756d322d31362e706e67, '1'),
(17, 2, 11, 'IND', 128, 112, 'Drumstick', '', 'Drumstick', '', 'India', 0, 0x6e65772d6472756d2d31372e706e67, '1'),
(18, 2, 9, 'IND', 128, 112, 'Garlic', '', 'Garlic', '', 'India, Malaysia, Thailand, Indonesia and China', 0, 0x6761726c69632d31382e706e67, '1'),
(19, 2, 13, 'IND', 128, 112, 'Ginger', '', 'Ginger', '', 'India, Malaysia, Thailand, Indonesia and China', 0, 0x67696e6765722d31392e706e67, '1'),
(22, 2, 7, 'IND', 128, 216, 'Onion', '', 'Onion', '', 'India, Malaysia, Thailand, Indonesia and China', 0, 0x6e65776f6e696f6e2d32322e706e67, '1'),
(23, 2, 10, 'IND', 128, 112, 'Peas', '', 'Peas', '', 'India, Malaysia, Thailand, Indonesia and China', 0, 0x6e6577706561732d32332e706e67, '1'),
(24, 2, 5, 'IND', 128, 112, 'Potato', '', 'Potato ', '', 'India, Malaysia, Thailand, Indonesia and China', 0, 0x706f7461746f2d32342e706e67, '1'),
(25, 2, 5, 'IND', 128, 112, 'Potato', '', 'Potato', '', 'India, Malaysia, Thailand, Indonesia and China', 0, 0x706f7461746f312d32352e706e67, '1'),
(26, 2, 4, 'IND', 128, 112, 'Tomotoe', '', 'Tomotoe', '', 'India, Malaysia, Thailand, Indonesia and China', 0, 0x746f6d6f746f652d32362e706e67, '1'),
(27, 2, 6, 'IND', 128, 112, 'Lemon', '', 'test', '', 'India, Malaysia, Thailand, Indonesia and China', 0, 0x6c656d6f6e2d32372e706e67, '1'),
(28, 2, 6, 'IND', 128, 111, 'Lemon', '', 'dgdg', '', 'India, Malaysia, Thailand, Indonesia and China', 0, 0x6c656d6f6e312d32382e706e67, '1'),
(31, 1, 17, 'IND', 128, 112, 'Orange', '', 'Orange', 'Valencia, Belladonna, Berna, Biondo Riccio,Cherry Orange and more...', 'Brazil, Spain, United States, Egypt, China, Italy, India, Turkey, Mexico, South Africa', 0, 0x6e65772d6f72672d33312e706e67, '1');

-- --------------------------------------------------------

--
-- Table structure for table `states`
--

CREATE TABLE IF NOT EXISTS `states` (
  `stateID` smallint(5) unsigned NOT NULL AUTO_INCREMENT,
  `stateName` varchar(50) NOT NULL DEFAULT '',
  `countryID` varchar(3) NOT NULL,
  `latitude` double NOT NULL DEFAULT '0',
  `longitude` double NOT NULL DEFAULT '0',
  PRIMARY KEY (`stateID`),
  KEY `stateName` (`stateName`),
  KEY `countryID` (`countryID`),
  KEY `unq` (`countryID`,`stateName`)
) ENGINE=InnoDB  DEFAULT CHARSET=utf8 AUTO_INCREMENT=2372 ;

--
-- Dumping data for table `states`
--

INSERT INTO `states` (`stateID`, `stateName`, `countryID`, `latitude`, `longitude`) VALUES
(5, 'California', 'USA', 37.42, -122.06),
(6, 'Beijing', 'CHN', 39.93, 116.39),
(9, 'Iowa', 'USA', 43.03, -96.09),
(10, 'New York', 'USA', 40.76, -73.97),
(11, 'Hebei', 'CHN', 39.89, 115.28),
(12, 'Jiangsu', 'CHN', 32.06, 118.78),
(14, 'New Jersey', 'USA', 39.82, -75.13),
(15, 'Massachusetts', 'USA', 42.56, -72.18),
(16, 'Connecticut', 'USA', 41.14, -73.26),
(17, 'Guangdong', 'CHN', 23.12, 113.25),
(19, 'Florida', 'USA', 28.05, -82.36),
(24, 'Texas', 'USA', 30.27, -97.74),
(28, 'Armed Forces US', 'USA', 60, -100),
(32, 'Tennessee', 'USA', 35.04, -89.93),
(33, 'Kentucky', 'USA', 39.02, -84.56),
(34, 'Ile-de-France', 'FRA', 48.8, 2.5),
(35, 'Georgia', 'USA', 33.84, -84.38),
(37, 'Rio de Janeiro', 'BRA', -22.9, -43.23),
(44, 'Illinois', 'USA', 42.05, -88.05),
(46, 'Ceara', 'BRA', -3.32, -41.42),
(47, 'Colorado', 'USA', 39.74, -104.98),
(48, 'Zhejiang', 'CHN', 28.02, 120.65),
(49, 'Utah', 'USA', 40.76, -111.89),
(52, 'Liaoning', 'CHN', 41.79, 123.43),
(56, 'Haryana', 'IND', 28.47, 77.03),
(57, 'Maryland', 'USA', 39.1, -76.88),
(62, 'Shanghai', 'CHN', 31, 121.41),
(64, 'Tianjin', 'CHN', 39.14, 117.18),
(72, 'South Carolina', 'USA', 33.92, -80.34),
(73, 'Montana', 'USA', 45.77, -110.93),
(76, 'Louisiana', 'USA', 29.91, -90.05),
(77, 'Fujian', 'CHN', 24.47, 118.09),
(78, 'Santa Catarina', 'BRA', -26.48, -49.07),
(80, 'Espirito Santo', 'BRA', -20.12, -40.3),
(84, 'Washington', 'USA', 47.09, -122.65),
(85, 'Andhra Pradesh', 'IND', 17.38, 78.47),
(87, 'Pennsylvania', 'USA', 40.45, -79.99),
(90, 'Guangxi', 'CHN', 22.82, 108.32),
(93, 'North Carolina', 'USA', 35.75, -78.72),
(94, 'Shandong', 'CHN', 37.26, 117.08),
(97, 'Chongqing', 'CHN', 29.56, 106.55),
(98, 'Michigan', 'USA', 43.93, -86.26),
(99, 'Hubei', 'CHN', 30.58, 114.27),
(100, 'Delhi', 'IND', 28.67, 77.22),
(101, 'Arkansas', 'USA', 36.19, -94.24),
(107, 'Wisconsin', 'USA', 44.63, -90.2),
(112, 'Midi-Pyrenees', 'FRA', 43.73, 1.42),
(116, 'Picardie', 'FRA', 49.02, 1.9),
(121, 'Bahia', 'BRA', -12.98, -38.52),
(123, 'Heilongjiang', 'CHN', 45.75, 126.65),
(128, 'Tamil Nadu', 'IND', 13.08, 80.28),
(129, 'Ohio', 'USA', 39.11, -84.5),
(132, 'New Mexico', 'USA', 35.78, -105.87),
(133, 'Kansas', 'USA', 37.69, -97.34),
(136, 'Oregon', 'USA', 45.44, -122.97),
(138, 'Uttar Pradesh', 'IND', 27.18, 78.02),
(140, 'Nebraska', 'USA', 41.11, -95.93),
(143, 'West Virginia', 'USA', 39.46, -77.95),
(144, 'Virginia', 'USA', 37.13, -76.45),
(145, 'Missouri', 'USA', 38.25, -94.31),
(148, 'Mississippi', 'USA', 32.37, -90.11),
(151, 'Rhode Island', 'USA', 41.82, -71.41),
(155, 'Sao Paulo', 'BRA', -23.95, -46.33),
(156, 'Shanxi', 'CHN', 37.9, 112.19),
(160, 'Karnataka', 'IND', 12.98, 77.58),
(161, 'Hunan', 'CHN', 26.97, 109.77),
(163, 'Indiana', 'USA', 39.79, -86.17),
(164, 'Oklahoma', 'USA', 34.66, -98.48),
(175, 'Minnesota', 'USA', 44.98, -93.27),
(176, 'Alabama', 'USA', 33.8, -87.28),
(178, 'Hainan', 'CHN', 19.14, 110.48),
(181, 'Arizona', 'USA', 33.46, -111.99),
(182, 'Sichuan', 'CHN', 30.67, 104.07),
(186, 'South Dakota', 'USA', 43.72, -98.03),
(187, 'Maharashtra', 'IND', 18.98, 72.83),
(192, 'Nevada', 'USA', 36.17, -115.28),
(196, 'Henan', 'CHN', 34.22, 113.77),
(206, 'Kerala', 'IND', 8.51, 76.96),
(215, 'New Hampshire', 'USA', 42.87, -71.39),
(218, 'Maine', 'USA', 44.08, -70.17),
(220, 'Hawaii', 'USA', 21.3, -157.79),
(225, 'Chhattisgarh', 'IND', 21.18, 81.28),
(236, 'Anhui', 'CHN', 31.86, 117.28),
(249, 'District of Columbia', 'USA', 38.9, -77.04),
(254, 'Delaware', 'USA', 39.62, -75.7),
(258, 'West Bengal', 'IND', 22.57, 88.37),
(268, 'Shaanxi', 'CHN', 34.26, 108.94),
(274, 'Madhya Pradesh', 'IND', 22.72, 75.83),
(284, 'Gujarat', 'IND', 23.03, 72.62),
(296, 'Franche-Comte', 'FRA', 47.63, 6.87),
(305, 'Idaho', 'USA', 48.39, -116.89),
(306, 'Rajasthan', 'IND', 26.92, 75.82),
(307, 'Nei Mongol', 'CHN', 49.2, 119.7),
(315, 'Alsace', 'FRA', 48.58, 7.75),
(317, 'Orissa', 'IND', 20.5, 85.83),
(334, 'Jilin', 'CHN', 43.88, 125.32),
(355, 'Jharkhand', 'IND', 23.35, 85.33),
(363, 'Chandigarh', 'IND', 30.74, 76.79),
(377, 'Punjab', 'IND', 30.9, 75.85),
(409, 'Languedoc-Roussillon', 'FRA', 43.4, 3.68),
(416, 'Assam', 'IND', 24.82, 92.8),
(431, 'Centre', 'FRA', 47.08, 2.4),
(469, 'Champagne-Ardenne', 'FRA', 49.42, 4.5),
(471, 'Bretagne', 'FRA', 48.77, 2.3),
(544, 'Rhone-Alpes', 'FRA', 45.75, 4.85),
(555, 'Nord-Pas-de-Calais', 'FRA', 50.75, 2.15),
(556, 'Lorraine', 'FRA', 48.68, 6.2),
(561, 'Rio Grande do Sul', 'BRA', -30.03, -51.2),
(563, 'Provence-Alpes-Cote d''Azur', 'FRA', 44.4, 4.93),
(586, 'Minas Gerais', 'BRA', -19.92, -43.93),
(598, 'Limousin', 'FRA', 45.85, 1.25),
(600, 'Guizhou', 'CHN', 26.58, 106.72),
(635, 'Haute-Normandie', 'FRA', 49.15, 1.33),
(649, 'Poitou-Charentes', 'FRA', 45.65, 0.15),
(667, 'Wyoming', 'USA', 44.78, -107.55),
(676, 'Daman and Diu', 'IND', 20.37, 72.9),
(701, 'Para', 'BRA', -1.27, -48.18),
(708, 'Basse-Normandie', 'FRA', 49.15, 0.23),
(728, 'Bihar', 'IND', 25.6, 85.12),
(729, 'Aquitaine', 'FRA', 45.12, 0.4),
(773, 'Parana', 'BRA', -25.42, -49.25),
(798, 'Auvergne', 'FRA', 46.28, 3.6),
(808, 'Pernambuco', 'BRA', -8.05, -34.9),
(822, 'Pays de la Loire', 'FRA', 47.47, 0.2),
(838, 'Amazonas', 'BRA', -3.11, -60.03),
(842, 'Distrito Federal', 'BRA', -15.78, -47.92),
(924, 'North Dakota', 'USA', 46.96, -97.68),
(937, 'Bourgogne', 'FRA', 47.8, 3.57),
(959, 'Vermont', 'USA', 44.49, -73.23),
(970, 'Goias', 'BRA', -15.93, -50.13),
(1008, 'Himachal Pradesh', 'IND', 31.1, 77.17),
(1011, 'Sergipe', 'BRA', -11.27, -37.43),
(1061, 'Alaska', 'USA', 61.52, -149.57),
(1102, 'Mato Grosso do Sul', 'BRA', -22.22, -54.8),
(1178, 'Yunnan', 'CHN', 25.04, 102.72),
(1200, 'Uttarakhand', 'IND', 30.32, 78.03),
(1203, 'Meghalaya', 'IND', 25.58, 91.87),
(1231, 'Jiangxi', 'CHN', 28.55, 115.93),
(1269, 'Rio Grande do Norte', 'BRA', -5.78, -35.22),
(1293, 'Paraiba', 'BRA', -7.22, -35.88),
(1297, 'Piaui', 'BRA', -5.08, -42.82),
(1310, 'Gansu', 'CHN', 36.06, 103.79),
(1312, 'Jammu and Kashmir', 'IND', 33.8, 74.26),
(1334, 'Goa', 'IND', 15.27, 73.92),
(1335, 'Maranhao', 'BRA', -2.52, -44.27),
(1457, 'Mato Grosso', 'BRA', -15.58, -56.08),
(1483, 'Corse', 'FRA', 41.92, 8.73),
(1568, 'Alagoas', 'BRA', -9.67, -35.72),
(1596, 'Puducherry', 'IND', 11.93, 79.83),
(1654, 'Manipur', 'IND', 24.82, 93.95),
(1673, 'Tocantins', 'BRA', -10.22, -48.28),
(1714, 'Roraima', 'BRA', 3.83, -60.22),
(1723, 'Rondonia', 'BRA', -10.67, -62.3),
(1736, 'Xizang', 'CHN', 29.65, 91.1),
(1741, 'Ningxia', 'CHN', 38.47, 106.27),
(1751, 'Xinjiang', 'CHN', 43.8, 87.58),
(1753, 'Qinghai', 'CHN', 36.5, 101.6),
(1791, 'Mizoram', 'IND', 23.72, 92.72),
(1846, 'Dadra and Nagar Haveli', 'IND', 20.27, 73.02),
(1874, 'Arunachal Pradesh', 'IND', 27.57, 93.85),
(1918, 'Tripura', 'IND', 23.84, 91.28),
(2113, 'Amapa', 'BRA', 0.03, -51.05),
(2116, 'Acre', 'BRA', -9.97, -67.8),
(2320, 'Sikkim', 'IND', 27.33, 88.62),
(2370, 'Nagaland', 'IND', 25.67, 94.12),
(2371, 'No States / Select City', 'SGP', 0, 0);

-- --------------------------------------------------------

--
-- Table structure for table `users`
--

CREATE TABLE IF NOT EXISTS `users` (
  `user_id` int(11) NOT NULL AUTO_INCREMENT,
  `username` varchar(250) NOT NULL,
  `userpass` varchar(500) NOT NULL,
  `useremail` varchar(250) NOT NULL,
  `cdate` timestamp NOT NULL DEFAULT '0000-00-00 00:00:00' ON UPDATE CURRENT_TIMESTAMP,
  `level_id` int(11) NOT NULL,
  `userstatus` int(11) NOT NULL,
  PRIMARY KEY (`user_id`)
) ENGINE=MyISAM  DEFAULT CHARSET=latin1 AUTO_INCREMENT=3 ;

--
-- Dumping data for table `users`
--

INSERT INTO `users` (`user_id`, `username`, `userpass`, `useremail`, `cdate`, `level_id`, `userstatus`) VALUES
(1, 'madmin', '70a9fbbce9d9e9eba70a972af51d6a4c', 'parimayamax@gmail.com', '2014-10-26 17:11:29', 1, 1);

/*!40101 SET CHARACTER_SET_CLIENT=@OLD_CHARACTER_SET_CLIENT */;
/*!40101 SET CHARACTER_SET_RESULTS=@OLD_CHARACTER_SET_RESULTS */;
/*!40101 SET COLLATION_CONNECTION=@OLD_COLLATION_CONNECTION */;
